series,date,type,value
abs,2015-01-01,e0,281643.0
abs,2015-01-01,e1,152097.0
abs,2015-01-01,e2,32733.0
abs,2015-01-01,e3,75576.0
abs,2015-01-01,e4,-2431.0
abs,2015-01-01,e5,193829.0
abs,2015-01-01,e6,170162.0
abs,2015-04-01,e0,288307.0
abs,2015-04-01,e1,154317.0
abs,2015-04-01,e2,34963.0
abs,2015-04-01,e3,77719.0
abs,2015-04-01,e4,2776.0
abs,2015-04-01,e5,194754.0
abs,2015-04-01,e6,176221.0
abs,2015-07-01,e0,297422.0
abs,2015-07-01,e1,165970.0
abs,2015-07-01,e2,35949.0
abs,2015-07-01,e3,75995.0
abs,2015-07-01,e4,-2080.0
abs,2015-07-01,e5,209068.0
abs,2015-07-01,e6,187481.0
abs,2015-10-01,e0,309569.0
abs,2015-10-01,e1,162715.0
abs,2015-10-01,e2,50375.0
abs,2015-10-01,e3,75133.0
abs,2015-10-01,e4,-3460.0
abs,2015-10-01,e5,219720.0
abs,2015-10-01,e6,194914.0
abs,2016-01-01,e0,295016.0
abs,2016-01-01,e1,164480.0
abs,2016-01-01,e2,33926.0
abs,2016-01-01,e3,77252.0
abs,2016-01-01,e4,1670.0
abs,2016-01-01,e5,197024.0
abs,2016-01-01,e6,179335.0
abs,2016-04-01,e0,303738.0
abs,2016-04-01,e1,166337.0
abs,2016-04-01,e2,37213.0
abs,2016-04-01,e3,84201.0
abs,2016-04-01,e4,-301.0
abs,2016-04-01,e5,199691.0
abs,2016-04-01,e6,183403.0
abs,2016-07-01,e0,316737.0
abs,2016-07-01,e1,178505.0
abs,2016-07-01,e2,37095.0
abs,2016-07-01,e3,79108.0
abs,2016-07-01,e4,-973.0
abs,2016-07-01,e5,209549.0
abs,2016-07-01,e6,186547.0
abs,2016-10-01,e0,334206.0
abs,2016-10-01,e1,175358.0
abs,2016-10-01,e2,48790.0
abs,2016-10-01,e3,78335.0
abs,2016-10-01,e4,5574.0
abs,2016-10-01,e5,228227.0
abs,2016-10-01,e6,202077.0
abs,2017-01-01,e0,328713.0
abs,2017-01-01,e1,182571.0
abs,2017-01-01,e2,37063.0
abs,2017-01-01,e3,86106.0
abs,2017-01-01,e4,3661.0
abs,2017-01-01,e5,231567.0
abs,2017-01-01,e6,212255.0
abs,2017-04-01,e0,334692.0
abs,2017-04-01,e1,184594.0
abs,2017-04-01,e2,39017.0
abs,2017-04-01,e3,89172.0
abs,2017-04-01,e4,-742.0
abs,2017-04-01,e5,234846.0
abs,2017-04-01,e6,212196.0
abs,2017-07-01,e0,347646.0
abs,2017-07-01,e1,198415.0
abs,2017-07-01,e2,38817.0
abs,2017-07-01,e3,85880.0
abs,2017-07-01,e4,-2051.0
abs,2017-07-01,e5,245640.0
abs,2017-07-01,e6,219056.0
abs,2017-10-01,e0,361259.0
abs,2017-10-01,e1,194566.0
abs,2017-10-01,e2,52423.0
abs,2017-10-01,e3,82783.0
abs,2017-10-01,e4,5778.0
abs,2017-10-01,e5,248726.0
abs,2017-10-01,e6,223017.0
abs,2018-01-01,e0,346709.0
abs,2018-01-01,e1,198561.0
abs,2018-01-01,e2,37329.0
abs,2018-01-01,e3,86713.0
abs,2018-01-01,e4,-3742.0
abs,2018-01-01,e5,237090.0
abs,2018-01-01,e6,209241.0
abs,2018-04-01,e0,353933.0
abs,2018-04-01,e1,202224.0
abs,2018-04-01,e2,40383.0
abs,2018-04-01,e3,91122.0
abs,2018-04-01,e4,1088.0
abs,2018-04-01,e5,241232.0
abs,2018-04-01,e6,222116.0
abs,2018-07-01,e0,367918.0
abs,2018-07-01,e1,217975.0
abs,2018-07-01,e2,40896.0
abs,2018-07-01,e3,88494.0
abs,2018-07-01,e4,-1467.0
abs,2018-07-01,e5,252774.0
abs,2018-07-01,e6,230754.0
abs,2018-10-01,e0,379200.0
abs,2018-10-01,e1,212628.0
abs,2018-10-01,e2,54682.0
abs,2018-10-01,e3,84036.0
abs,2018-10-01,e4,-267.0
abs,2018-10-01,e5,261416.0
abs,2018-10-01,e6,233295.0
abs,2019-01-01,e0,362512.0
abs,2019-01-01,e1,215316.0
abs,2019-01-01,e2,39385.0
abs,2019-01-01,e3,84364.0
abs,2019-01-01,e4,-8658.0
abs,2019-01-01,e5,240098.0
abs,2019-01-01,e6,207995.0
abs,2019-04-01,e0,371603.0
abs,2019-04-01,e1,220640.0
abs,2019-04-01,e2,40406.0
abs,2019-04-01,e3,91776.0
abs,2019-04-01,e4,-5991.0
abs,2019-04-01,e5,244463.0
abs,2019-04-01,e6,219692.0
abs,2019-07-01,e0,382278.0
abs,2019-07-01,e1,235895.0
abs,2019-07-01,e2,41167.0
abs,2019-07-01,e3,86538.0
abs,2019-07-01,e4,-9671.0
abs,2019-07-01,e5,249305.0
abs,2019-07-01,e6,220957.0
abs,2019-10-01,e0,396345.0
abs,2019-10-01,e1,232337.0
abs,2019-10-01,e2,55323.0
abs,2019-10-01,e3,84295.0
abs,2019-10-01,e4,-4249.0
abs,2019-10-01,e5,253615.0
abs,2019-10-01,e6,224975.0
abs,2020-01-01,e0,367259.0
abs,2020-01-01,e1,232652.0
abs,2020-01-01,e2,41520.0
abs,2020-01-01,e3,80740.0
abs,2020-01-01,e4,-7988.0
abs,2020-01-01,e5,224437.0
abs,2020-01-01,e6,204102.0
abs,2020-04-01,e0,303124.0
abs,2020-04-01,e1,179331.0
abs,2020-04-01,e2,40449.0
abs,2020-04-01,e3,64494.0
abs,2020-04-01,e4,7556.0
abs,2020-04-01,e5,184094.0
abs,2020-04-01,e6,172800.0
abs,2020-07-01,e0,368749.0
abs,2020-07-01,e1,230700.0
abs,2020-07-01,e2,44729.0
abs,2020-07-01,e3,77344.0
abs,2020-07-01,e4,-13738.0
abs,2020-07-01,e5,226586.0
abs,2020-07-01,e6,196872.0
abs,2020-10-01,e0,379358.0
abs,2020-10-01,e1,222768.0
abs,2020-10-01,e2,57170.0
abs,2020-10-01,e3,74085.0
abs,2020-10-01,e4,-3647.0
abs,2020-10-01,e5,238360.0
abs,2020-10-01,e6,209379.0
abs,2021-01-01,e0,371270.0
abs,2021-01-01,e1,229503.0
abs,2021-01-01,e2,44354.0
abs,2021-01-01,e3,78684.0
abs,2021-01-01,e4,-3493.0
abs,2021-01-01,e5,246246.0
abs,2021-01-01,e6,224025.0
abs,2021-04-01,e0,374428.0
abs,2021-04-01,e1,205043.0
abs,2021-04-01,e2,45194.0
abs,2021-04-01,e3,76636.0
abs,2021-04-01,e4,22243.0
abs,2021-04-01,e5,264782.0
abs,2021-04-01,e6,239471.0
abs,2021-07-01,e0,378487.0
abs,2021-07-01,e1,226701.0
abs,2021-07-01,e2,45647.0
abs,2021-07-01,e3,69376.0
abs,2021-07-01,e4,9735.0
abs,2021-07-01,e5,274844.0
abs,2021-07-01,e6,247817.0
abs,2021-10-01,e0,424517.0
abs,2021-10-01,e1,237112.0
abs,2021-10-01,e2,60512.0
abs,2021-10-01,e3,74006.0
abs,2021-10-01,e4,15473.0
abs,2021-10-01,e5,308023.0
abs,2021-10-01,e6,270609.0
abs,2022-01-01,e0,422454.0
abs,2022-01-01,e1,247029.0
abs,2022-01-01,e2,47758.0
abs,2022-01-01,e3,80793.0
abs,2022-01-01,e4,21890.0
abs,2022-01-01,e5,305106.0
abs,2022-01-01,e6,280122.0
abs,2022-04-01,e0,445013.0
abs,2022-04-01,e1,248515.0
abs,2022-04-01,e2,46941.0
abs,2022-04-01,e3,82990.0
abs,2022-04-01,e4,43784.0
abs,2022-04-01,e5,341985.0
abs,2022-04-01,e6,319202.0
abs,2022-07-01,e0,458256.0
abs,2022-07-01,e1,272391.0
abs,2022-07-01,e2,49392.0
abs,2022-07-01,e3,80537.0
abs,2022-07-01,e4,19970.0
abs,2022-07-01,e5,369843.0
abs,2022-07-01,e6,333876.0
abs,2022-10-01,e0,468181.0
abs,2022-10-01,e1,265483.0
abs,2022-10-01,e2,63782.0
abs,2022-10-01,e3,82355.0
abs,2022-10-01,e4,11223.0
abs,2022-10-01,e5,361684.0
abs,2022-10-01,e6,316347.0
abs,2023-01-01,e0,443332.374
abs,2023-01-01,e1,269078.407
abs,2023-01-01,e2,47590.82
abs,2023-01-01,e3,86351.914
abs,2023-01-01,e4,11272.561
abs,2023-01-01,e5,304431.413
abs,2023-01-01,e6,275392.741
abs,2023-04-01,e0,439683.422
abs,2023-04-01,e1,262876.702
abs,2023-04-01,e2,49083.562
abs,2023-04-01,e3,89377.783
abs,2023-04-01,e4,20921.873
abs,2023-04-01,e5,302578.629
abs,2023-04-01,e6,285155.128
abs,2023-07-01,e0,463163.026
abs,2023-07-01,e1,288789.147
abs,2023-07-01,e2,52559.591
abs,2023-07-01,e3,86109.334
abs,2023-07-01,e4,12628.051
abs,2023-07-01,e5,312074.968
abs,2023-07-01,e6,288998.065
abs,2023-10-01,e0,476725.621
abs,2023-10-01,e1,281766.415
abs,2023-10-01,e2,68589.793
abs,2023-10-01,e3,88894.095
abs,2023-10-01,e4,14055.985
abs,2023-10-01,e5,331097.51
abs,2023-10-01,e6,307678.177
abs,2024-01-01,e0,464970.479
abs,2024-01-01,e1,284612.578
abs,2024-01-01,e2,51922.176
abs,2024-01-01,e3,95431.753
abs,2024-01-01,e4,8282.638
abs,2024-01-01,e5,327958.994
abs,2024-01-01,e6,303237.661
abs,2024-04-01,e0,472495.412
abs,2024-04-01,e1,281586.602
abs,2024-04-01,e2,51747.244
abs,2024-04-01,e3,100984.491
abs,2024-04-01,e4,18514.543
abs,2024-04-01,e5,336878.273
abs,2024-04-01,e6,317215.741
abs,2024-07-01,e0,490640.984
abs,2024-07-01,e1,307468.695
abs,2024-07-01,e2,56155.941
abs,2024-07-01,e3,100594.09
abs,2024-07-01,e4,4862.797
abs,2024-07-01,e5,353428.654
abs,2024-07-01,e6,331869.193
growth_yoy,2016-01-01,e0,4.748
growth_yoy,2016-01-01,e1,8.142
growth_yoy,2016-01-01,e2,3.645
growth_yoy,2016-01-01,e3,2.218
growth_yoy,2016-01-01,e5,1.648
growth_yoy,2016-01-01,e6,5.391
growth_yoy,2016-04-01,e0,5.352
growth_yoy,2016-04-01,e1,7.789
growth_yoy,2016-04-01,e2,6.435
growth_yoy,2016-04-01,e3,8.34
growth_yoy,2016-04-01,e5,2.535
growth_yoy,2016-04-01,e6,4.076
growth_yoy,2016-07-01,e0,6.494
growth_yoy,2016-07-01,e1,7.553
growth_yoy,2016-07-01,e2,3.188
growth_yoy,2016-07-01,e3,4.096
growth_yoy,2016-07-01,e5,0.23
growth_yoy,2016-07-01,e6,-0.498
growth_yoy,2016-10-01,e0,7.958
growth_yoy,2016-10-01,e1,7.77
growth_yoy,2016-10-01,e2,-3.146
growth_yoy,2016-10-01,e3,4.262
growth_yoy,2016-10-01,e5,3.872
growth_yoy,2016-10-01,e6,3.675
growth_yoy,2017-01-01,e0,11.422
growth_yoy,2017-01-01,e1,10.999
growth_yoy,2017-01-01,e2,9.247
growth_yoy,2017-01-01,e3,11.461
growth_yoy,2017-01-01,e5,17.532
growth_yoy,2017-01-01,e6,18.357
growth_yoy,2017-04-01,e0,10.191
growth_yoy,2017-04-01,e1,10.976
growth_yoy,2017-04-01,e2,4.848
growth_yoy,2017-04-01,e3,5.904
growth_yoy,2017-04-01,e5,17.605
growth_yoy,2017-04-01,e6,15.699
growth_yoy,2017-07-01,e0,9.759
growth_yoy,2017-07-01,e1,11.154
growth_yoy,2017-07-01,e2,4.642
growth_yoy,2017-07-01,e3,8.56
growth_yoy,2017-07-01,e5,17.223
growth_yoy,2017-07-01,e6,17.427
growth_yoy,2017-10-01,e0,8.095
growth_yoy,2017-10-01,e1,10.954
growth_yoy,2017-10-01,e2,7.446
growth_yoy,2017-10-01,e3,5.678
growth_yoy,2017-10-01,e5,8.982
growth_yoy,2017-10-01,e6,10.362
growth_yoy,2018-01-01,e0,5.475
growth_yoy,2018-01-01,e1,8.758
growth_yoy,2018-01-01,e2,0.718
growth_yoy,2018-01-01,e3,0.705
growth_yoy,2018-01-01,e5,2.385
growth_yoy,2018-01-01,e6,-1.42
growth_yoy,2018-04-01,e0,5.749
growth_yoy,2018-04-01,e1,9.551
growth_yoy,2018-04-01,e2,3.501
growth_yoy,2018-04-01,e3,2.187
growth_yoy,2018-04-01,e5,2.719
growth_yoy,2018-04-01,e6,4.675
growth_yoy,2018-07-01,e0,5.831
growth_yoy,2018-07-01,e1,9.858
growth_yoy,2018-07-01,e2,5.356
growth_yoy,2018-07-01,e3,3.044
growth_yoy,2018-07-01,e5,2.904
growth_yoy,2018-07-01,e6,5.34
growth_yoy,2018-10-01,e0,4.966
growth_yoy,2018-10-01,e1,9.283
growth_yoy,2018-10-01,e2,4.309
growth_yoy,2018-10-01,e3,1.514
growth_yoy,2018-10-01,e5,5.102
growth_yoy,2018-10-01,e6,4.609
growth_yoy,2019-01-01,e0,4.558
growth_yoy,2019-01-01,e1,8.438
growth_yoy,2019-01-01,e2,5.508
growth_yoy,2019-01-01,e3,-2.709
growth_yoy,2019-01-01,e5,1.269
growth_yoy,2019-01-01,e6,-0.595
growth_yoy,2019-04-01,e0,4.992
growth_yoy,2019-04-01,e1,9.107
growth_yoy,2019-04-01,e2,0.057
growth_yoy,2019-04-01,e3,0.718
growth_yoy,2019-04-01,e5,1.339
growth_yoy,2019-04-01,e6,-1.091
growth_yoy,2019-07-01,e0,3.903
growth_yoy,2019-07-01,e1,8.221
growth_yoy,2019-07-01,e2,0.663
growth_yoy,2019-07-01,e3,-2.21
growth_yoy,2019-07-01,e5,-1.372
growth_yoy,2019-07-01,e6,-4.246
growth_yoy,2019-10-01,e0,4.521
growth_yoy,2019-10-01,e1,9.269
growth_yoy,2019-10-01,e2,1.172
growth_yoy,2019-10-01,e3,0.308
growth_yoy,2019-10-01,e5,-2.984
growth_yoy,2019-10-01,e6,-3.566
growth_yoy,2020-01-01,e0,1.309
growth_yoy,2020-01-01,e1,8.051
growth_yoy,2020-01-01,e2,5.421
growth_yoy,2020-01-01,e3,-4.296
growth_yoy,2020-01-01,e5,-6.523
growth_yoy,2020-01-01,e6,-1.872
growth_yoy,2020-04-01,e0,-18.428
growth_yoy,2020-04-01,e1,-18.722
growth_yoy,2020-04-01,e2,0.106
growth_yoy,2020-04-01,e3,-29.727
growth_yoy,2020-04-01,e5,-24.695
growth_yoy,2020-04-01,e6,-21.344
growth_yoy,2020-07-01,e0,-3.539
growth_yoy,2020-07-01,e1,-2.202
growth_yoy,2020-07-01,e2,8.653
growth_yoy,2020-07-01,e3,-10.624
growth_yoy,2020-07-01,e5,-9.113
growth_yoy,2020-07-01,e6,-10.9
growth_yoy,2020-10-01,e0,-4.286
growth_yoy,2020-10-01,e1,-4.119
growth_yoy,2020-10-01,e2,3.339
growth_yoy,2020-10-01,e3,-12.112
growth_yoy,2020-10-01,e5,-6.015
growth_yoy,2020-10-01,e6,-6.932
growth_yoy,2021-01-01,e0,1.092
growth_yoy,2021-01-01,e1,-1.354
growth_yoy,2021-01-01,e2,6.826
growth_yoy,2021-01-01,e3,-2.546
growth_yoy,2021-01-01,e5,9.717
growth_yoy,2021-01-01,e6,9.761
growth_yoy,2021-04-01,e0,23.523
growth_yoy,2021-04-01,e1,14.338
growth_yoy,2021-04-01,e2,11.731
growth_yoy,2021-04-01,e3,18.827
growth_yoy,2021-04-01,e5,43.83
growth_yoy,2021-04-01,e6,38.583
growth_yoy,2021-07-01,e0,2.641
growth_yoy,2021-07-01,e1,-1.733
growth_yoy,2021-07-01,e2,2.052
growth_yoy,2021-07-01,e3,-10.302
growth_yoy,2021-07-01,e5,21.298
growth_yoy,2021-07-01,e6,25.877
growth_yoy,2021-10-01,e0,11.904
growth_yoy,2021-10-01,e1,6.439
growth_yoy,2021-10-01,e2,5.846
growth_yoy,2021-10-01,e3,-0.107
growth_yoy,2021-10-01,e5,29.226
growth_yoy,2021-10-01,e6,29.244
growth_yoy,2022-01-01,e0,13.786
growth_yoy,2022-01-01,e1,7.637
growth_yoy,2022-01-01,e2,7.675
growth_yoy,2022-01-01,e3,2.68
growth_yoy,2022-01-01,e5,23.903
growth_yoy,2022-01-01,e6,25.041
growth_yoy,2022-04-01,e0,18.851
growth_yoy,2022-04-01,e1,21.201
growth_yoy,2022-04-01,e2,3.866
growth_yoy,2022-04-01,e3,8.291
growth_yoy,2022-04-01,e5,29.157
growth_yoy,2022-04-01,e6,33.295
growth_yoy,2022-07-01,e0,21.076
growth_yoy,2022-07-01,e1,20.154
growth_yoy,2022-07-01,e2,8.204
growth_yoy,2022-07-01,e3,16.088
growth_yoy,2022-07-01,e5,34.565
growth_yoy,2022-07-01,e6,34.727
growth_yoy,2022-10-01,e0,10.286
growth_yoy,2022-10-01,e1,11.965
growth_yoy,2022-10-01,e2,5.404
growth_yoy,2022-10-01,e3,11.282
growth_yoy,2022-10-01,e5,17.421
growth_yoy,2022-10-01,e6,16.902
growth_yoy,2023-01-01,e0,4.942
growth_yoy,2023-01-01,e1,8.926
growth_yoy,2023-01-01,e2,-0.35
growth_yoy,2023-01-01,e3,6.88
growth_yoy,2023-01-01,e5,-0.221
growth_yoy,2023-01-01,e6,-1.688
growth_yoy,2023-04-01,e0,-1.198
growth_yoy,2023-04-01,e1,5.779
growth_yoy,2023-04-01,e2,4.564
growth_yoy,2023-04-01,e3,7.697
growth_yoy,2023-04-01,e5,-11.523
growth_yoy,2023-04-01,e6,-10.666
growth_yoy,2023-07-01,e0,1.071
growth_yoy,2023-07-01,e1,6.02
growth_yoy,2023-07-01,e2,6.413
growth_yoy,2023-07-01,e3,6.919
growth_yoy,2023-07-01,e5,-15.62
growth_yoy,2023-07-01,e6,-13.441
growth_yoy,2023-10-01,e0,1.825
growth_yoy,2023-10-01,e1,6.134
growth_yoy,2023-10-01,e2,7.538
growth_yoy,2023-10-01,e3,7.94
growth_yoy,2023-10-01,e5,-8.457
growth_yoy,2023-10-01,e6,-2.74
growth_yoy,2024-01-01,e0,4.881
growth_yoy,2024-01-01,e1,5.773
growth_yoy,2024-01-01,e2,9.101
growth_yoy,2024-01-01,e3,10.515
growth_yoy,2024-01-01,e5,7.728
growth_yoy,2024-01-01,e6,10.111
growth_yoy,2024-04-01,e0,7.463
growth_yoy,2024-04-01,e1,7.117
growth_yoy,2024-04-01,e2,5.427
growth_yoy,2024-04-01,e3,12.986
growth_yoy,2024-04-01,e5,11.336
growth_yoy,2024-04-01,e6,11.243
growth_yoy,2024-07-01,e0,5.933
growth_yoy,2024-07-01,e1,6.468
growth_yoy,2024-07-01,e2,6.842
growth_yoy,2024-07-01,e3,16.821
growth_yoy,2024-07-01,e5,13.251
growth_yoy,2024-07-01,e6,14.834
growth_qoq,2015-04-01,e0,2.366
growth_qoq,2015-04-01,e1,1.46
growth_qoq,2015-04-01,e2,6.813
growth_qoq,2015-04-01,e3,2.836
growth_qoq,2015-04-01,e5,0.477
growth_qoq,2015-04-01,e6,3.561
growth_qoq,2015-07-01,e0,3.162
growth_qoq,2015-07-01,e1,7.551
growth_qoq,2015-07-01,e2,2.82
growth_qoq,2015-07-01,e3,-2.218
growth_qoq,2015-07-01,e5,7.35
growth_qoq,2015-07-01,e6,6.39
growth_qoq,2015-10-01,e0,4.084
growth_qoq,2015-10-01,e1,-1.961
growth_qoq,2015-10-01,e2,40.129
growth_qoq,2015-10-01,e3,-1.134
growth_qoq,2015-10-01,e5,5.095
growth_qoq,2015-10-01,e6,3.965
growth_qoq,2016-01-01,e0,-4.701
growth_qoq,2016-01-01,e1,1.085
growth_qoq,2016-01-01,e2,-32.653
growth_qoq,2016-01-01,e3,2.82
growth_qoq,2016-01-01,e5,-10.33
growth_qoq,2016-01-01,e6,-7.993
growth_qoq,2016-04-01,e0,2.956
growth_qoq,2016-04-01,e1,1.129
growth_qoq,2016-04-01,e2,9.689
growth_qoq,2016-04-01,e3,8.995
growth_qoq,2016-04-01,e5,1.354
growth_qoq,2016-04-01,e6,2.268
growth_qoq,2016-07-01,e0,4.28
growth_qoq,2016-07-01,e1,7.315
growth_qoq,2016-07-01,e2,-0.317
growth_qoq,2016-07-01,e3,-6.049
growth_qoq,2016-07-01,e5,4.937
growth_qoq,2016-07-01,e6,1.714
growth_qoq,2016-10-01,e0,5.515
growth_qoq,2016-10-01,e1,-1.763
growth_qoq,2016-10-01,e2,31.527
growth_qoq,2016-10-01,e3,-0.977
growth_qoq,2016-10-01,e5,8.913
growth_qoq,2016-10-01,e6,8.325
growth_qoq,2017-01-01,e0,-1.644
growth_qoq,2017-01-01,e1,4.113
growth_qoq,2017-01-01,e2,-24.036
growth_qoq,2017-01-01,e3,9.92
growth_qoq,2017-01-01,e5,1.463
growth_qoq,2017-01-01,e6,5.037
growth_qoq,2017-04-01,e0,1.819
growth_qoq,2017-04-01,e1,1.108
growth_qoq,2017-04-01,e2,5.272
growth_qoq,2017-04-01,e3,3.561
growth_qoq,2017-04-01,e5,1.416
growth_qoq,2017-04-01,e6,-0.028
growth_qoq,2017-07-01,e0,3.87
growth_qoq,2017-07-01,e1,7.487
growth_qoq,2017-07-01,e2,-0.513
growth_qoq,2017-07-01,e3,-3.692
growth_qoq,2017-07-01,e5,4.596
growth_qoq,2017-07-01,e6,3.233
growth_qoq,2017-10-01,e0,3.916
growth_qoq,2017-10-01,e1,-1.94
growth_qoq,2017-10-01,e2,35.052
growth_qoq,2017-10-01,e3,-3.606
growth_qoq,2017-10-01,e5,1.256
growth_qoq,2017-10-01,e6,1.808
growth_qoq,2018-01-01,e0,-4.028
growth_qoq,2018-01-01,e1,2.053
growth_qoq,2018-01-01,e2,-28.793
growth_qoq,2018-01-01,e3,4.747
growth_qoq,2018-01-01,e5,-4.678
growth_qoq,2018-01-01,e6,-6.177
growth_qoq,2018-04-01,e0,2.084
growth_qoq,2018-04-01,e1,1.845
growth_qoq,2018-04-01,e2,8.181
growth_qoq,2018-04-01,e3,5.085
growth_qoq,2018-04-01,e5,1.747
growth_qoq,2018-04-01,e6,6.153
growth_qoq,2018-07-01,e0,3.951
growth_qoq,2018-07-01,e1,7.789
growth_qoq,2018-07-01,e2,1.27
growth_qoq,2018-07-01,e3,-2.884
growth_qoq,2018-07-01,e5,4.785
growth_qoq,2018-07-01,e6,3.889
growth_qoq,2018-10-01,e0,3.066
growth_qoq,2018-10-01,e1,-2.453
growth_qoq,2018-10-01,e2,33.71
growth_qoq,2018-10-01,e3,-5.038
growth_qoq,2018-10-01,e5,3.419
growth_qoq,2018-10-01,e6,1.101
growth_qoq,2019-01-01,e0,-4.401
growth_qoq,2019-01-01,e1,1.264
growth_qoq,2019-01-01,e2,-27.974
growth_qoq,2019-01-01,e3,0.39
growth_qoq,2019-01-01,e5,-8.155
growth_qoq,2019-01-01,e6,-10.845
growth_qoq,2019-04-01,e0,2.508
growth_qoq,2019-04-01,e1,2.473
growth_qoq,2019-04-01,e2,2.592
growth_qoq,2019-04-01,e3,8.786
growth_qoq,2019-04-01,e5,1.818
growth_qoq,2019-04-01,e6,5.624
growth_qoq,2019-07-01,e0,2.873
growth_qoq,2019-07-01,e1,6.914
growth_qoq,2019-07-01,e2,1.883
growth_qoq,2019-07-01,e3,-5.707
growth_qoq,2019-07-01,e5,1.981
growth_qoq,2019-07-01,e6,0.576
growth_qoq,2019-10-01,e0,3.68
growth_qoq,2019-10-01,e1,-1.508
growth_qoq,2019-10-01,e2,34.387
growth_qoq,2019-10-01,e3,-2.592
growth_qoq,2019-10-01,e5,1.729
growth_qoq,2019-10-01,e6,1.818
growth_qoq,2020-01-01,e0,-7.339
growth_qoq,2020-01-01,e1,0.136
growth_qoq,2020-01-01,e2,-24.95
growth_qoq,2020-01-01,e3,-4.217
growth_qoq,2020-01-01,e5,-11.505
growth_qoq,2020-01-01,e6,-9.278
growth_qoq,2020-04-01,e0,-17.463
growth_qoq,2020-04-01,e1,-22.919
growth_qoq,2020-04-01,e2,-2.579
growth_qoq,2020-04-01,e3,-20.121
growth_qoq,2020-04-01,e5,-17.975
growth_qoq,2020-04-01,e6,-15.336
growth_qoq,2020-07-01,e0,21.65
growth_qoq,2020-07-01,e1,28.645
growth_qoq,2020-07-01,e2,10.581
growth_qoq,2020-07-01,e3,19.924
growth_qoq,2020-07-01,e5,23.082
growth_qoq,2020-07-01,e6,13.931
growth_qoq,2020-10-01,e0,2.877
growth_qoq,2020-10-01,e1,-3.438
growth_qoq,2020-10-01,e2,27.814
growth_qoq,2020-10-01,e3,-4.214
growth_qoq,2020-10-01,e5,5.196
growth_qoq,2020-10-01,e6,6.353
growth_qoq,2021-01-01,e0,-2.132
growth_qoq,2021-01-01,e1,3.023
growth_qoq,2021-01-01,e2,-22.417
growth_qoq,2021-01-01,e3,6.208
growth_qoq,2021-01-01,e5,3.308
growth_qoq,2021-01-01,e6,6.995
growth_qoq,2021-04-01,e0,0.851
growth_qoq,2021-04-01,e1,-10.658
growth_qoq,2021-04-01,e2,1.894
growth_qoq,2021-04-01,e3,-2.603
growth_qoq,2021-04-01,e5,7.527
growth_qoq,2021-04-01,e6,6.895
growth_qoq,2021-07-01,e0,1.084
growth_qoq,2021-07-01,e1,10.563
growth_qoq,2021-07-01,e2,1.002
growth_qoq,2021-07-01,e3,-9.473
growth_qoq,2021-07-01,e5,3.8
growth_qoq,2021-07-01,e6,3.485
growth_qoq,2021-10-01,e0,12.162
growth_qoq,2021-10-01,e1,4.592
growth_qoq,2021-10-01,e2,32.565
growth_qoq,2021-10-01,e3,6.674
growth_qoq,2021-10-01,e5,12.072
growth_qoq,2021-10-01,e6,9.197
growth_qoq,2022-01-01,e0,-0.486
growth_qoq,2022-01-01,e1,4.182
growth_qoq,2022-01-01,e2,-21.077
growth_qoq,2022-01-01,e3,9.171
growth_qoq,2022-01-01,e5,-0.947
growth_qoq,2022-01-01,e6,3.515
growth_qoq,2022-04-01,e0,5.34
growth_qoq,2022-04-01,e1,0.602
growth_qoq,2022-04-01,e2,-1.711
growth_qoq,2022-04-01,e3,2.719
growth_qoq,2022-04-01,e5,12.087
growth_qoq,2022-04-01,e6,13.951
growth_qoq,2022-07-01,e0,2.976
growth_qoq,2022-07-01,e1,9.607
growth_qoq,2022-07-01,e2,5.221
growth_qoq,2022-07-01,e3,-2.956
growth_qoq,2022-07-01,e5,8.146
growth_qoq,2022-07-01,e6,4.597
growth_qoq,2022-10-01,e0,2.166
growth_qoq,2022-10-01,e1,-2.536
growth_qoq,2022-10-01,e2,29.134
growth_qoq,2022-10-01,e3,2.257
growth_qoq,2022-10-01,e5,-2.206
growth_qoq,2022-10-01,e6,-5.25
growth_qoq,2023-01-01,e0,-5.307
growth_qoq,2023-01-01,e1,1.354
growth_qoq,2023-01-01,e2,-25.385
growth_qoq,2023-01-01,e3,4.853
growth_qoq,2023-01-01,e5,-15.829
growth_qoq,2023-01-01,e6,-12.946
growth_qoq,2023-04-01,e0,-0.823
growth_qoq,2023-04-01,e1,-2.305
growth_qoq,2023-04-01,e2,3.137
growth_qoq,2023-04-01,e3,3.504
growth_qoq,2023-04-01,e5,-0.609
growth_qoq,2023-04-01,e6,3.545
growth_qoq,2023-07-01,e0,5.34
growth_qoq,2023-07-01,e1,9.857
growth_qoq,2023-07-01,e2,7.082
growth_qoq,2023-07-01,e3,-3.657
growth_qoq,2023-07-01,e5,3.138
growth_qoq,2023-07-01,e6,1.348
growth_qoq,2023-10-01,e0,2.928
growth_qoq,2023-10-01,e1,-2.432
growth_qoq,2023-10-01,e2,30.499
growth_qoq,2023-10-01,e3,3.234
growth_qoq,2023-10-01,e5,6.096
growth_qoq,2023-10-01,e6,6.464
growth_qoq,2024-01-01,e0,-2.466
growth_qoq,2024-01-01,e1,1.01
growth_qoq,2024-01-01,e2,-24.3
growth_qoq,2024-01-01,e3,7.354
growth_qoq,2024-01-01,e5,-0.948
growth_qoq,2024-01-01,e6,-1.443
growth_qoq,2024-04-01,e0,1.618
growth_qoq,2024-04-01,e1,-1.063
growth_qoq,2024-04-01,e2,-0.337
growth_qoq,2024-04-01,e3,5.819
growth_qoq,2024-04-01,e5,2.72
growth_qoq,2024-04-01,e6,4.61
growth_qoq,2024-07-01,e0,3.84
growth_qoq,2024-07-01,e1,9.192
growth_qoq,2024-07-01,e2,8.52
growth_qoq,2024-07-01,e3,-0.387
growth_qoq,2024-07-01,e5,4.913
growth_qoq,2024-07-01,e6,4.619
